OBJECTID,GlobalID,last_edited_date,id,short_name,long_name,direction,rte_type,rte_color,agency_id,agency_nam,gen_date,end_date
5367,{00499E7B-0FFB-4CFF-B44B-0EAC8A0BBA69},2023/03/28 18:27:07+00,,79,Sylvan Hills,,bus,,MARTA,Metropolitan Atlanta Rapid Transit Authority,,
5368,{017426AC-B418-4669-892B-63BE5F62A70D},2023/03/28 18:27:07+00,,35,Peachtree Pkwy - Doraville,,bus,,GCT,Gwinnett County Transit,,
5369,{064ADCCB-0740-47C6-8A8F-7E7D635033AE},2023/03/28 18:27:07+00,,809,Monroe Drive / Boulevard,,bus,,MARTA,Metropolitan Atlanta Rapid Transit Authority,,
5370,{0679266D-9360-4C20-B9B2-9F5790E6AFF4},2023/03/28 18:27:07+00,,153,James Jackson Parkway,,bus,,MARTA,Metropolitan Atlanta Rapid Transit Authority,,
5371,{0A37A0DE-D5C6-4B68-9050-028FF69FA031},2023/03/28 18:29:32+00,,419,Snellville/Hewatt/Stone Mtn - DT,,bus,,SRTA,SRTA,,
5372,{0B70171A-4360-4D88-B0B9-091E1520FECC},2023/03/28 18:27:07+00,,26,Marietta Street / Perry Boulevard,,bus,,MARTA,Metropolitan Atlanta Rapid Transit Authority,,
5373,{0CF1337F-C7C2-47E2-A557-535892386BEB},2023/03/28 18:27:07+00,,124,Pleasantdale Road,,bus,,MARTA,Metropolitan Atlanta Rapid Transit Authority,,
5374,{10360DD1-DA58-4453-9E90-621F03729A30},2023/03/28 18:27:07+00,,71,Cascade Road,,bus,,MARTA,Metropolitan Atlanta Rapid Transit Authority,,
5375,{11DCF6A6-E93D-4313-82F3-06921A284F07},2023/03/28 18:27:07+00,,126,Embry Hills,,bus,,MARTA,Metropolitan Atlanta Rapid Transit Authority,,
5376,{12C7A662-A0CC-4E35-908C-B9FBAFF6626D},2023/03/28 18:29:32+00,,423,E Conyer/W Conyer/Panola - MT,,bus,,SRTA,SRTA,,
5377,{1568A6FE-1E9E-465F-9D03-330974DBC0B2},2023/03/28 18:27:07+00,,24,Mcafee / Hosea Williams,,bus,,MARTA,Metropolitan Atlanta Rapid Transit Authority,,
5378,{167B21BF-89BA-4FCD-9279-A3F9C8E3714C},2023/03/28 18:27:07+00,,40,KSU-Kennesaw - MTC via Marietta,,bus,,COBBLINC,CobbLinc,,
5379,{171A0976-1DA1-4FBA-A943-54F01E538374},2023/03/28 18:27:07+00,,150,Dunwoody Village,,bus,,MARTA,Metropolitan Atlanta Rapid Transit Authority,,
5380,{173165F4-73C9-40B9-A637-F058D4D953C2},2023/03/28 18:27:07+00,,116,Redan Road,,bus,,MARTA,Metropolitan Atlanta Rapid Transit Authority,,
5381,{19451E26-8A22-4CFD-9CAA-6166B6384DD2},2023/03/28 18:27:07+00,,45,GGC,,bus,,GCT,Gwinnett County Transit,,
5382,{1B51B23F-0F5E-4195-928B-244BE595D5C6},2023/03/28 18:27:07+00,,180,Roosevelt Highway,,bus,,MARTA,Metropolitan Atlanta Rapid Transit Authority,,
5383,{1D508E96-4E1E-4883-9121-2CA75401B0B7},2023/03/28 18:27:07+00,,103A,Rev Commute Atlanta - Sugarloaf Mills,,bus,,GCT,Gwinnett County Transit,,
5384,{1E134575-F56E-4699-8038-77711F022BAF},2023/03/28 18:29:32+00,,413,Hamilton Mill/Mall of GA - DT,,bus,,SRTA,SRTA,,
5385,{1EDD655E-0FCD-4387-AB0D-EAC64F5CF058},2023/03/28 18:27:07+00,,Red,Red,,"subway, metro",,MARTA,Metropolitan Atlanta Rapid Transit Authority,,
5386,{1FA535CD-85D0-4B8A-86E1-5CB03DF88724},2023/03/28 18:27:07+00,,60,Hightower Road,,bus,,MARTA,Metropolitan Atlanta Rapid Transit Authority,,
5387,{225B4F2C-B809-4103-9D0A-FA5444656361},2023/03/28 18:27:07+00,,140,North Point Parkway,,bus,,MARTA,Metropolitan Atlanta Rapid Transit Authority,,
5388,{243C2268-B534-4904-B980-09E4AD1C756E},2023/03/28 18:27:07+00,,117,Rockbridge Road / Panola Road,,bus,,MARTA,Metropolitan Atlanta Rapid Transit Authority,,
5389,{2A1D8315-B1D2-4A44-8EC4-5EFDD05421FC},2023/03/28 18:27:07+00,,1,Marietta Blvd/Joseph E Lowery Blvd,,bus,,MARTA,Metropolitan Atlanta Rapid Transit Authority,,
5390,{2AF87412-7AAE-484A-8F7D-B96FD75D6548},2023/03/28 18:27:07+00,,899,Old Fourth Ward,,bus,,MARTA,Metropolitan Atlanta Rapid Transit Authority,,
5391,{2B7BEEEA-1B37-418E-BF6A-0E3AE333369F},2023/03/28 18:27:07+00,,110,Indian Trail P&R - Emory,,bus,,GCT,Gwinnett County Transit,,
5392,{2BA47CA2-9437-46DB-A627-1A7C5CBAB5FE},2023/03/28 18:27:07+00,,42,Pryor Road,,bus,,MARTA,Metropolitan Atlanta Rapid Transit Authority,,
5393,{2C7FB6B4-1D1D-42CD-9670-13B6D1229F89},2023/03/28 18:27:07+00,,195,Forest Parkway,,bus,,MARTA,Metropolitan Atlanta Rapid Transit Authority,,
5394,{2D5AE1AD-7CA1-464F-A738-4459766E9C1B},2023/03/28 18:27:07+00,,189,Flat Shoals Road / Scofield Road,,bus,,MARTA,Metropolitan Atlanta Rapid Transit Authority,,
5395,{3103D703-F5CF-4844-8BC1-B3F09802ADDE},2023/03/28 18:27:07+00,,201,Six Flags Over Georgia,,bus,,MARTA,Metropolitan Atlanta Rapid Transit Authority,,
5396,{316A90B5-0613-4179-B31C-981709F56AED},2023/03/28 18:27:07+00,,172,Sylvan Road / Virginia Avenue,,bus,,MARTA,Metropolitan Atlanta Rapid Transit Authority,,
5397,{3414E8F6-FF62-49BE-BA7D-35736D1E408D},2023/03/28 18:27:07+00,,58,Hollywood Road / Lucile Avenue,,bus,,MARTA,Metropolitan Atlanta Rapid Transit Authority,,
5398,{35535773-F03A-4CBD-A717-8CD407DE90AA},2023/03/28 18:27:07+00,,25,Hamilton E. Holmes Station/CTC,,bus,,COBBLINC,CobbLinc,,
5399,{36700833-4751-4F1D-9E66-7DF641B12F81},2023/03/28 18:27:07+00,,Zone 1,PUBLIX Super Market,,bus,,COBBLINC_FLEX,CobbLincFLEX,,
5400,{36B1441D-77C5-480E-8AA7-C73B15EEEAE0},2023/03/28 18:27:07+00,,93,Headland Drive / Main Street,,bus,,MARTA,Metropolitan Atlanta Rapid Transit Authority,,
5401,{37120E44-E8F4-442E-A354-E166CB70B892},2023/03/28 18:27:07+00,,867,Peyton Forest / Dixie Hills,,bus,,MARTA,Metropolitan Atlanta Rapid Transit Authority,,
5402,{3A380FD1-ADCC-4A1C-8946-357535378C70},2023/03/28 18:27:07+00,,Atlsc,Atlanta Streetcar,,"tram, light rail, streetcar",,MARTA,Metropolitan Atlanta Rapid Transit Authority,,
5403,{3B9755C2-007D-4134-AC93-E19A27E2307A},2023/03/28 18:27:07+00,,295,Metropolitan Campus Express,,bus,,MARTA,Metropolitan Atlanta Rapid Transit Authority,,
5404,{3C03B62A-3487-4217-84B1-5B9725518636},2023/03/28 18:27:07+00,,14,14th Street / Blandtown,,bus,,MARTA,Metropolitan Atlanta Rapid Transit Authority,,
5405,{3C688EC0-B4CB-4E0E-8B87-197411F8DB85},2023/03/28 18:27:07+00,,102,North Avenue / Little Five Points,,bus,,MARTA,Metropolitan Atlanta Rapid Transit Authority,,
5406,{3CDC6500-6894-4EA9-9415-0AAE1B9E7D6E},2023/03/28 18:27:07+00,,181,Washington Road / Fairburn,,bus,,MARTA,Metropolitan Atlanta Rapid Transit Authority,,
5407,{3CDEE8D0-F62C-4BA5-B451-474CBA3555C0},2023/03/28 18:27:07+00,,6,Clifton Road / Emory,,bus,,MARTA,Metropolitan Atlanta Rapid Transit Authority,,
5408,{403D8E8B-277E-4B1C-9E5B-518D517E9649},2023/03/28 18:27:07+00,,148,Mount Vernon Highway,,bus,,MARTA,Metropolitan Atlanta Rapid Transit Authority,,
5409,{40B955D1-D9E8-460C-9DFD-25003657DEAE},2023/03/28 18:27:07+00,,104,Winters Chapel Road,,bus,,MARTA,Metropolitan Atlanta Rapid Transit Authority,,
5410,{41798F4A-0AC3-4F03-A7E9-45424CA057A0},2023/03/28 18:27:07+00,,Green,Green,,"subway, metro",,MARTA,Metropolitan Atlanta Rapid Transit Authority,,
5411,{45FB1DDE-6420-45A5-8EC7-9CDA713354E5},2023/03/28 18:27:07+00,,34,Gresham Road,,bus,,MARTA,Metropolitan Atlanta Rapid Transit Authority,,
5412,{473D03E1-81C9-4F5F-9731-D8A421D17071},2023/03/28 18:27:07+00,,178,Empire Blvd / Southside Ind Park,,bus,,MARTA,Metropolitan Atlanta Rapid Transit Authority,,
5413,{4E2CEA87-8FEE-4C64-9FCC-7FFE78D82AA6},2023/03/28 18:27:07+00,,832,Grant Park,,bus,,MARTA,Metropolitan Atlanta Rapid Transit Authority,,
5414,{4E6C0A6C-9C41-4125-A820-AD58243E9116},2023/03/28 18:27:07+00,,191,Riverdale / Atl Intl Terminal,,bus,,MARTA,Metropolitan Atlanta Rapid Transit Authority,,
5415,{5258F395-5896-45DE-9551-9C437DA8C6E0},2023/03/28 18:27:07+00,,185,Alpharetta,,bus,,MARTA,Metropolitan Atlanta Rapid Transit Authority,,
5416,{53517C98-FDF6-45DD-858F-D96A802F3048},2023/03/28 18:27:07+00,,143,Windward Park & Ride,,bus,,MARTA,Metropolitan Atlanta Rapid Transit Authority,,
5417,{539E98DF-6FB1-40E8-B023-3669F7516A85},2023/03/28 18:27:07+00,,Zone 2,Horseshoe Bend Pizza,,bus,,COBBLINC_FLEX,CobbLincFLEX,,
5418,{544D1C9F-3DEE-4102-8C97-734B503CBEA0},2023/03/28 18:27:07+00,,8,North Druid Hills Road,,bus,,MARTA,Metropolitan Atlanta Rapid Transit Authority,,
5419,{565119D0-8DDF-4F46-BB2C-C1E835D1BFD1},2023/03/28 18:29:32+00,,414,Ham Mill/Mall of GA/Sugarloaf-MT,,bus,,SRTA,SRTA,,
5420,{56FD29AE-6C7F-47AB-AE05-31D3B33DE452},2023/03/28 18:29:32+00,,411,Hamilton Mill/Mall of GA - MT,,bus,,SRTA,SRTA,,
5421,{58B10C2D-7B38-45FB-B484-53A1BF090CE4},2023/03/28 18:27:07+00,,142,East Holcomb Bridge Road,,bus,,MARTA,Metropolitan Atlanta Rapid Transit Authority,,
5422,{5A2E331A-68A9-4BA2-8B3E-C577A5D28114},2023/03/28 18:27:07+00,,SWPR,Express PM Sweeper,,bus,,GCT,Gwinnett County Transit,,
5423,{5B341B78-34C2-4990-B941-5DDBACCA474E},2023/03/28 18:29:32+00,,453,Newnan/Union City - DT/MT,,bus,,SRTA,SRTA,,
5424,{6275E7BE-1289-4638-A126-67282358AE59},2023/03/28 18:27:07+00,,15,Candler Road,,bus,,MARTA,Metropolitan Atlanta Rapid Transit Authority,,
5425,{62998870-4DB8-4D9D-A1C0-F2F2E3687066},2023/03/28 18:27:07+00,,81,Venetian Hills / Delowe Drive,,bus,,MARTA,Metropolitan Atlanta Rapid Transit Authority,,
5426,{62C49CBB-18D4-49FE-90F6-C85F82CB66F1},2023/03/28 18:27:07+00,,10A,Sug - GTC - Dora via Satellite,,bus,,GCT,Gwinnett County Transit,,
5427,{631E1697-5FF9-4BBD-9C61-BEC5564754B4},2023/03/28 18:27:07+00,,50,Donald Lee Hollowell Parkway,,bus,,MARTA,Metropolitan Atlanta Rapid Transit Authority,,
5428,{6373FC52-A0F8-4FB3-8A12-D9960E867FAC},2023/03/28 18:29:32+00,,476,Hiram/Powder Springs - DT/MT,,bus,,SRTA,SRTA,,
5429,{64EF29E9-D6D1-44CA-B60F-8D42A22490A1},2023/03/28 18:27:07+00,,37,Defoors Ferry Road,,bus,,MARTA,Metropolitan Atlanta Rapid Transit Authority,,
5430,{656323BA-BED0-4BE1-890A-575C5FFF2391},2023/03/28 18:27:07+00,,55,Jonesboro Road,,bus,,MARTA,Metropolitan Atlanta Rapid Transit Authority,,
5431,{69A19375-3645-4B8B-A30A-2106E59DB5F1},2023/03/28 18:27:07+00,,194,Conley Road / Mt Zion,,bus,,MARTA,Metropolitan Atlanta Rapid Transit Authority,,
5432,{6F1CA65F-E536-4DFC-B749-8FDF35734AC0},2023/03/28 18:27:07+00,,10B,Sug - GTC - Dora via Remington,,bus,,GCT,Gwinnett County Transit,,
5433,{6FBFE49A-9030-40ED-9069-CBA459664F45},2023/03/28 18:27:07+00,,132,Tilly Mill Road,,bus,,MARTA,Metropolitan Atlanta Rapid Transit Authority,,
5434,{72DEA34E-A615-4122-A4B4-992CC2791166},2023/03/28 18:27:07+00,,825,Johnson Ferry Road,,bus,,MARTA,Metropolitan Atlanta Rapid Transit Authority,,
5435,{72E7DE82-98DB-4683-AD05-2951DE23BF8B},2023/03/28 18:29:32+00,,483,Woodstock/Town Center - Midtown,,bus,,SRTA,SRTA,,
5436,{759CC506-8914-423D-8B5E-76DCBD2279DB},2023/03/28 18:27:07+00,,45,KSU-Kennesaw - MTC via US 41,,bus,,COBBLINC,CobbLinc,,
5437,{777310E8-8A66-4BD8-8C42-1143DA51F839},2023/03/28 18:29:32+00,,426,E Conyer/W Conyer/Panola - DT,,bus,,SRTA,SRTA,,
5438,{7B4C24C2-CFDD-4FBD-ACE4-BB75FE68FD3E},2023/03/28 18:27:07+00,,197,Battle Creek Road,,bus,,MARTA,Metropolitan Atlanta Rapid Transit Authority,,
5439,{7B53B325-1EAD-46F6-A003-93CE38118507},2023/03/28 18:29:32+00,,485,Hickory Grove - Downtown,,bus,,SRTA,SRTA,,
5440,{7B5D2D25-5F76-4DAA-A9D0-6EE5FE67D1F8},2023/03/28 18:27:07+00,,121,Memorial Drive / N Hairston Road,,bus,,MARTA,Metropolitan Atlanta Rapid Transit Authority,,
5441,{7B687212-D9A6-46E1-A7DF-1EC99C90F521},2023/03/28 18:29:32+00,,417,Sugarloaf Mills - Perimeter,,bus,,SRTA,SRTA,,
5442,{7CC43BDA-2CE3-4120-90D7-8C364968415A},2023/03/28 18:29:32+00,,431,BrandsMart/Stockbridge - MT,,bus,,SRTA,SRTA,,
5443,{7D336045-D501-468F-911F-90781DD51699},2023/03/28 18:29:32+00,,412,Sugarloaf Mills - Midtown,,bus,,SRTA,SRTA,,
5444,{7FE7A1AC-82B9-41A5-B642-57D7EAD1B3E1},2023/03/28 18:27:07+00,,89,Old National Highway,,bus,,MARTA,Metropolitan Atlanta Rapid Transit Authority,,
5445,{800848FE-5F02-4A5D-A7B1-056F2CC6A1BC},2023/03/28 18:27:07+00,,823,Belvedere,,bus,,MARTA,Metropolitan Atlanta Rapid Transit Authority,,
5446,{809496F7-13E1-458F-AF66-1801694DC85A},2023/03/28 18:27:07+00,,50,CTC - MTC via Powers Ferry,,bus,,COBBLINC,CobbLinc,,
5447,{81C54DF5-1970-4844-AF0B-391DB9DEBF15},2023/03/28 18:27:07+00,,853,Center Hill,,bus,,MARTA,Metropolitan Atlanta Rapid Transit Authority,,
5448,{87A4C93E-B2B5-4CF4-839F-87DE13250CCA},2023/03/28 18:27:07+00,,102,Indian Trail P&R - Downtown Atlanta,,bus,,GCT,Gwinnett County Transit,,
5449,{891B647D-183E-4F7E-A3C7-7620A5A89FF3},2023/03/28 18:27:07+00,,40,Lawrenceville - GTC - Sugarloaf Mills,,bus,,GCT,Gwinnett County Transit,,
5450,{8AA98A4D-6EDC-45B3-8E7A-94152C64E8F0},2023/03/28 18:29:32+00,,490,Woodstock - Downtown,,bus,,SRTA,SRTA,,
5451,{8C2CBAAD-4F24-4F99-8BDF-09C5A830CFEE},2023/03/28 18:27:07+00,,84,Washington Rd/Camp Crk Marketplace,,bus,,MARTA,Metropolitan Atlanta Rapid Transit Authority,,
5452,{8DC725DC-ED2A-4B4C-B7A5-4CA1331967CC},2023/03/28 18:29:32+00,,430,McDonough - Downtown,,bus,,SRTA,SRTA,,
5453,{90392606-6E6B-48A6-BAEA-B98D104A9CDA},2023/03/28 18:27:07+00,,193,Morrow / Jonesboro,,bus,,MARTA,Metropolitan Atlanta Rapid Transit Authority,,
5454,{910B3444-C183-4DEB-829A-3A5F983F1158},2023/03/28 18:27:07+00,,192,Old Dixie / Tara Boulevard,,bus,,MARTA,Metropolitan Atlanta Rapid Transit Authority,,
5455,{91D36C7E-19A3-4CD9-9C22-4D16EC3BEF14},2023/03/28 18:29:32+00,,416,Dacula - Downtown,,bus,,SRTA,SRTA,,
5456,{927E97C3-0FF8-4CB7-8611-1205366BE07C},2023/03/28 18:27:07+00,,188,Oakley Industrial,,bus,,MARTA,Metropolitan Atlanta Rapid Transit Authority,,
5457,{933F7F02-D199-4B84-977C-79CF70E4F2FB},2023/03/28 18:27:07+00,,114,Columbia Drive,,bus,,MARTA,Metropolitan Atlanta Rapid Transit Authority,,
5458,{935F287C-045C-40CA-B449-F5951AC48164},2023/03/28 18:27:07+00,,816,North Highland Avenue,,bus,,MARTA,Metropolitan Atlanta Rapid Transit Authority,,
5459,{9A16CA1A-3EC5-443D-90B4-360096356292},2023/03/28 18:27:07+00,,85,Roswell,,bus,,MARTA,Metropolitan Atlanta Rapid Transit Authority,,
5460,{9DFBEAFC-F4B0-4A1F-BA8E-83E82458AC20},2023/03/28 18:27:07+00,,86,Fairington Road,,bus,,MARTA,Metropolitan Atlanta Rapid Transit Authority,,
5461,{9E0A419E-8531-4F5A-B616-2B895FBD2E7E},2023/03/28 18:29:32+00,,428,W Conyers/Panola - Perimeter,,bus,,SRTA,SRTA,,
5462,{9E6F320E-758D-4933-8B25-E5C922A47428},2023/03/28 18:27:07+00,,30,Hamilton E. Holmes Station/MTC,,bus,,COBBLINC,CobbLinc,,
5463,{9ED09552-C5F9-472C-8502-FE83C8069D59},2023/03/28 18:27:07+00,,103,Sugarloaf Mills P&R - Downtown Atlanta,,bus,,GCT,Gwinnett County Transit,,
5464,{9F7D3718-C6C1-4135-A109-20E7AC701708},2023/03/28 18:27:07+00,,198,Southlake Parkway,,bus,,MARTA,Metropolitan Atlanta Rapid Transit Authority,,
5465,{A0758A65-C833-4DB4-9BE3-74EFAFECD31F},2023/03/28 18:27:07+00,,73,Fulton Industrial,,bus,,MARTA,Metropolitan Atlanta Rapid Transit Authority,,
5466,{A1408E9F-5E41-47FC-B50B-325E665ACB63},2023/03/28 18:27:07+00,,120,East Ponce De Leon Avenue,,bus,,MARTA,Metropolitan Atlanta Rapid Transit Authority,,
5467,{A1DD04B1-6D24-4122-B512-EC3B4DA3CADC},2023/03/28 18:27:07+00,,82,Camp Creek / South Fulton Parkway,,bus,,MARTA,Metropolitan Atlanta Rapid Transit Authority,,
5468,{A2B48D37-F44D-4776-8A47-365C8CC017D2},2023/03/28 18:27:07+00,,165,Fairburn Road,,bus,,MARTA,Metropolitan Atlanta Rapid Transit Authority,,
5469,{A4122EDA-78EC-4B3A-A7C1-7F0BB8960B87},2023/03/28 18:29:32+00,,463,W Douglas/Douglas MMTC - DT/MT,,bus,,SRTA,SRTA,,
5470,{A59E87BF-1626-4999-A1B6-33BEE36A54AE},2023/03/28 18:27:07+00,,125,Clarkston,,bus,,MARTA,Metropolitan Atlanta Rapid Transit Authority,,
5471,{A6BAE24F-FE64-4EE9-80FB-1F4D1A4BC713},2023/03/28 18:27:07+00,,83,Campbellton Road,,bus,,MARTA,Metropolitan Atlanta Rapid Transit Authority,,
5472,{A6EE171D-F588-4AE1-A18D-624EF5BE8521},2023/03/28 18:27:07+00,,30,Lilburn - GTC,,bus,,GCT,Gwinnett County Transit,,
5473,{A7532BD1-2264-4DFD-AD49-5CF98BFDEC25},2023/03/28 18:27:07+00,,20,Beaver Ruin - Doraville,,bus,,GCT,Gwinnett County Transit,,
5474,{A765EFB3-B728-4DEC-A915-0C6AFBA496CF},2023/03/28 18:27:07+00,,856,Baker Hills / Wilson Mill Meadows,,bus,,MARTA,Metropolitan Atlanta Rapid Transit Authority,,
5475,{AAB72EB5-28F6-46AC-B0C8-9B5D3893C39B},2023/03/28 18:27:07+00,,47,I-85 Access Road,,bus,,MARTA,Metropolitan Atlanta Rapid Transit Authority,,
5476,{AB8AEADD-6D0E-44C6-AD46-D8BC5799B360},2023/03/28 18:27:07+00,,51,Joseph E Boone Boulevard,,bus,,MARTA,Metropolitan Atlanta Rapid Transit Authority,,
5477,{ABCEC24E-4E06-4634-A362-B3CDCB763086},2023/03/28 18:29:32+00,,432,BrandsMart/Stockbridge - DT,,bus,,SRTA,SRTA,,
5478,{AC06F868-B4FC-42F3-808D-8945538CF13D},2023/03/28 18:27:07+00,,101,I-985 P&R - Downtown Atlanta,,bus,,GCT,Gwinnett County Transit,,
5479,{AC4DBB76-5F1D-44C7-99A9-8B1DE0B7A7FA},2023/03/28 18:27:07+00,,800,Lovejoy,,bus,,MARTA,Metropolitan Atlanta Rapid Transit Authority,,
5480,{AC808A22-26EC-4F40-9D0C-A2512E3D10B6},2023/03/28 18:27:07+00,,4,Moreland Avenue,,bus,,MARTA,Metropolitan Atlanta Rapid Transit Authority,,
5481,{AEF141FB-7922-44F8-9BC1-BFCD6A8D6EAF},2023/03/28 18:27:07+00,,2,Ponce De Leon Avenue / Druid Hills,,bus,,MARTA,Metropolitan Atlanta Rapid Transit Authority,,
5482,{B014077E-5D51-4DF7-88F4-CA5AD9759D54},2023/03/28 18:27:07+00,,27,Cheshire Bridge Road,,bus,,MARTA,Metropolitan Atlanta Rapid Transit Authority,,
5483,{B01F3BAA-4F11-4857-AAC5-DC812EAEA9BB},2023/03/28 18:27:07+00,,183,Greenbriar,,bus,,MARTA,Metropolitan Atlanta Rapid Transit Authority,,
5484,{B03563AC-F603-4DE2-9259-CB85B4913AB0},2023/03/28 18:27:07+00,,74,Flat Shoals Road,,bus,,MARTA,Metropolitan Atlanta Rapid Transit Authority,,
5485,{B23FAC57-602C-428C-9210-904768343522},2023/03/28 18:27:07+00,,21,Memorial Drive,,bus,,MARTA,Metropolitan Atlanta Rapid Transit Authority,,
5486,{B5FBF387-A3D4-4BFE-8DAB-3176AD0C8D70},2023/03/28 18:27:07+00,,100,Civic Center Station/Busbee P&R,,bus,,COBBLINC,CobbLinc,,
5487,{BE8E1846-56E1-4E49-B7F7-B49A6737B1D5},2023/03/28 18:27:07+00,,95,Metropolitan Parkway,,bus,,MARTA,Metropolitan Atlanta Rapid Transit Authority,,
5488,{C0208506-F7C4-4603-ACBE-AA5C78D18D7B},2023/03/28 18:27:07+00,,111,Snapfinger Woods,,bus,,MARTA,Metropolitan Atlanta Rapid Transit Authority,,
5489,{C2093395-FEF7-4950-94E4-AC48EB61991D},2023/03/28 18:27:07+00,,196,Upper Riverdale,,bus,,MARTA,Metropolitan Atlanta Rapid Transit Authority,,
5490,{C32F10ED-EB5B-4EEF-BD01-9A5A16A7B2C6},2023/03/28 18:27:07+00,,Zone 3,Downtown Austell,,bus,,COBBLINC_FLEX,CobblincFlex,,
5491,{C36C7610-2CC6-4938-8F09-918BDE54945E},2023/03/28 18:27:07+00,,40,Peachtree Street / Downtown,,bus,,MARTA,Metropolitan Atlanta Rapid Transit Authority,,
5492,{C3924CD5-96AC-4734-9703-3C09D9A17A65},2023/03/28 18:29:32+00,,484,Hickory Grove  - Midtown,,bus,,SRTA,SRTA,,
5493,{C690CEC0-4E3C-4BA0-8601-3D60E530BFCD},2023/03/28 18:27:07+00,,20,CTC - MTC via S. Cobb Drive,,bus,,COBBLINC,CobbLinc,,
5494,{C6CF81FF-9030-4F59-ACFC-B1D58CBCE4D4},2023/03/28 18:27:07+00,,110,Peachtree Road / Buckhead,,bus,,MARTA,Metropolitan Atlanta Rapid Transit Authority,,
5495,{C7B2BD44-9757-481F-82CA-02CD93142253},2023/03/28 18:27:07+00,,39,Buford Highway,,bus,,MARTA,Metropolitan Atlanta Rapid Transit Authority,,
5496,{C9D6A3BF-103F-4701-8AC0-9B012A5C5FA7},2023/03/28 18:27:07+00,,BLUE,Cumberland Transfer CTC/Battery,,bus,,COBBLINC,CobbLinc,,
5497,{CA6A7941-0315-488C-B9E9-1ADC0238F5F5},2023/03/28 18:27:07+00,,19,Clairmont Road / Howard Avenue,,bus,,MARTA,Metropolitan Atlanta Rapid Transit Authority,,
5498,{CC91C282-A6B2-44F8-B313-C12405F85075},2023/03/28 18:29:32+00,,400,Cumming - Downtown,,bus,,SRTA,SRTA,,
5499,{CCF3127E-8FD6-4713-BFF1-546B179A9BA4},2023/03/28 18:27:07+00,,115,Covington Highway,,bus,,MARTA,Metropolitan Atlanta Rapid Transit Authority,,
5500,{CE60447A-E192-4EA2-A595-2EDC85E0100D},2023/03/28 18:27:07+00,,78,Cleveland Avenue,,bus,,MARTA,Metropolitan Atlanta Rapid Transit Authority,,
5501,{CE751A98-52D9-4558-AE51-DB9C2258341A},2023/03/28 18:27:07+00,,30,Lavista Road,,bus,,MARTA,Metropolitan Atlanta Rapid Transit Authority,,
5502,{CF0329CA-3128-48E7-9E87-073BA1CDD80A},2023/03/28 18:27:07+00,,155,Pittsburgh,,bus,,MARTA,Metropolitan Atlanta Rapid Transit Authority,,
5503,{CFE8F793-E385-44F9-8104-374FBB8B3649},2023/03/28 18:27:07+00,,94,Northside Drive,,bus,,MARTA,Metropolitan Atlanta Rapid Transit Authority,,
5504,{D060E3E6-5F82-45AD-8749-0235CB339DB4},2023/03/28 18:29:32+00,,480,Acworth/Town Center - Downtown,,bus,,SRTA,SRTA,,
5505,{D0D08DE7-8A89-41A0-91CF-DA3DA233507F},2023/03/28 18:27:07+00,,162,Myrtle Drive / Alison Court,,bus,,MARTA,Metropolitan Atlanta Rapid Transit Authority,,
5506,{D0DA2FC6-398C-41E3-B1DA-2EC85D40959E},2023/03/28 18:29:32+00,,442,Riverdale - Downtown,,bus,,SRTA,SRTA,,
5507,{D14B267A-1D92-40C3-914B-F7CE6D808187},2023/03/28 18:29:32+00,,410,Sugarloaf Mills - Lindbergh Cent,,bus,,SRTA,SRTA,,
5508,{D30CA021-76E7-48FE-ADFD-EE660ADA4D43},2023/03/28 18:27:07+00,,850,Carroll Heights / Fairburn Heights,,bus,,MARTA,Metropolitan Atlanta Rapid Transit Authority,,
5509,{DB2679ED-C28A-40B8-B2A5-A2F3760F9A29},2023/03/28 18:27:07+00,,3,Martin Luther King Jr Dr/Auburn Ave,,bus,,MARTA,Metropolitan Atlanta Rapid Transit Authority,,
5510,{DC615898-CA7F-4F17-A027-44755B185C43},2023/03/28 18:27:07+00,,15,CTC - MTC via Windy Hill,,bus,,COBBLINC,CobbLinc,,
5511,{DD21E853-93A0-4E10-9EC5-6B6A0180898C},2023/03/28 18:27:07+00,,Gold,Gold,,"subway, metro",,MARTA,Metropolitan Atlanta Rapid Transit Authority,,
5512,{DD9AE7AA-C597-4A9C-B5D2-23E1E8F64746},2023/03/28 18:27:07+00,,RAPID,Arts Station/KSU-Kennesaw Rapid,,bus,,COBBLINC,CobbLinc,,
5513,{DE1CB122-3A0C-4A22-A23B-8D978878659B},2023/03/28 18:27:07+00,,5,Piedmont Road / Sandy Springs,,bus,,MARTA,Metropolitan Atlanta Rapid Transit Authority,,
5514,{E00D18F1-1393-47D2-9B6D-342E18C525E9},2023/03/28 18:27:07+00,,119,Hairston Road / Stone Mtn Village,,bus,,MARTA,Metropolitan Atlanta Rapid Transit Authority,,
5515,{E0351E6C-5B06-41A1-A355-C4654734842A},2023/03/28 18:27:07+00,,25,Peachtree Boulevard,,bus,,MARTA,Metropolitan Atlanta Rapid Transit Authority,,
5516,{E0875362-1EE4-4319-801D-0F19D5F40264},2023/03/28 18:27:07+00,,813,Atlanta University Center,,bus,,MARTA,Metropolitan Atlanta Rapid Transit Authority,,
5517,{E0976F10-2998-4B71-B071-86147D66C80D},2023/03/28 18:27:07+00,,9,Boulevard / Tilson Road,,bus,,MARTA,Metropolitan Atlanta Rapid Transit Authority,,
5518,{E1400A54-D4BF-4F9B-87DF-D7E81AB83D34},2023/03/28 18:27:07+00,,68,Benjamin E Mays Drive,,bus,,MARTA,Metropolitan Atlanta Rapid Transit Authority,,
5519,{E1F53D2F-8AAB-4F45-9D63-B68FEB624AF3},2023/03/28 18:29:32+00,,440,Hampton/Jonesboro - DT/MT,,bus,,SRTA,SRTA,,
5520,{E1FBCD0D-DFB4-4DA6-A3DA-DACF247558B1},2023/03/28 18:27:07+00,,Blue,Blue,,"subway, metro",,MARTA,Metropolitan Atlanta Rapid Transit Authority,,
5521,{E1FF35B2-A1E2-4CCE-B882-257A5D5030C2},2023/03/28 18:27:07+00,,141,Haynes Bridge Road / Milton,,bus,,MARTA,Metropolitan Atlanta Rapid Transit Authority,,
5522,{E49301E5-A6E9-47AD-A2F0-561857C5F07E},2023/03/28 18:27:07+00,,186,Rainbow Drive / South Dekalb,,bus,,MARTA,Metropolitan Atlanta Rapid Transit Authority,,
5523,{E5BC0572-17B8-4AE1-9E76-39805DA4885A},2023/03/28 18:27:07+00,,49,Mcdonough Boulevard,,bus,,MARTA,Metropolitan Atlanta Rapid Transit Authority,,
5524,{E7EBCC77-FBC4-4E88-A153-49EE3B57565F},2023/03/28 18:27:07+00,,101,Civic Center/Five Points/MTC,,bus,,COBBLINC,CobbLinc,,
5525,{E82AC094-E02A-48ED-87DD-0CFA67B069D0},2023/03/28 18:27:07+00,,102,Arts Center Station/Acworth P&R,,bus,,COBBLINC,CobbLinc,,
5526,{E88AAF74-F98D-4FA5-9716-1011CC632722},2023/03/28 18:27:07+00,,221,Memorial Drive Limited,,bus,,MARTA,Metropolitan Atlanta Rapid Transit Authority,,
5527,{E8C170B5-2440-419E-9C9D-78AD9E59F5B8},2023/03/28 18:27:07+00,,32,Bouldercrest,,bus,,MARTA,Metropolitan Atlanta Rapid Transit Authority,,
5528,{E8F32E2C-62B2-4ACA-900C-5C7F18B56D17},2023/03/28 18:27:07+00,,123,Church Street,,bus,,MARTA,Metropolitan Atlanta Rapid Transit Authority,,
5529,{ED904FEE-F2B6-4BFF-8110-48998B62E2A1},2023/03/28 18:29:32+00,,441,Jonesboro - Downtown/Midtown,,bus,,SRTA,SRTA,,
5530,{EF076BB2-0FDB-43E4-AEED-B3945D418F92},2023/03/28 18:27:07+00,,107,Glenwood,,bus,,MARTA,Metropolitan Atlanta Rapid Transit Authority,,
5531,{F1735D83-BD3D-427F-A1DB-650E0EC0CB1B},2023/03/28 18:27:07+00,,87,Roswell Road / Sandy Springs,,bus,,MARTA,Metropolitan Atlanta Rapid Transit Authority,,
5532,{F1A9C852-F9B3-4A16-BF36-8CCCEBB20FAB},2023/03/28 18:27:07+00,,75,Lawrenceville Highway,,bus,,MARTA,Metropolitan Atlanta Rapid Transit Authority,,
5533,{F2C53F63-FAE3-4AC3-AD8E-BA7E6A7BD31F},2023/03/28 18:27:07+00,,865,Boulder Park Drive,,bus,,MARTA,Metropolitan Atlanta Rapid Transit Authority,,
5534,{F42322F7-523B-4C00-B3B4-124959DF52D4},2023/03/28 18:27:07+00,,36,N Decatur Road / Virginia Highland,,bus,,MARTA,Metropolitan Atlanta Rapid Transit Authority,,
5535,{F5A631B3-6CF4-4B34-B025-F6D71FF4354E},2023/03/28 18:27:07+00,,103,Peeler Road,,bus,,MARTA,Metropolitan Atlanta Rapid Transit Authority,,
5536,{F5CA53CE-8745-423E-8396-4322ABBB05CB},2023/03/28 18:27:07+00,,12,Howell Mill Road / Cumberland,,bus,,MARTA,Metropolitan Atlanta Rapid Transit Authority,,
5537,{F754EB95-AD58-45D0-BC87-A089505BCFC9},2023/03/28 18:27:07+00,,133,Shallowford Road,,bus,,MARTA,Metropolitan Atlanta Rapid Transit Authority,,
5538,{F799B7A0-93D3-4212-BC7B-62540E4EF8C6},2023/03/28 18:29:32+00,,401,Cumming - Perimeter,,bus,,SRTA,SRTA,,
5539,{F7D4C98B-C6EA-4565-9880-81B9A1DE4EEF},2023/03/28 18:27:07+00,,10,Arts Center Station/Marietta TC,,bus,,COBBLINC,CobbLinc,,
5540,{FAEC80DF-70E7-4AFC-834D-14B9F6D67C9D},2023/03/28 18:27:07+00,,66,Lynhurst Drive / Princeton Lakes,,bus,,MARTA,Metropolitan Atlanta Rapid Transit Authority,,
5541,{FEEC9A19-BB35-4C61-A149-C2AB1642A7CE},2023/03/28 18:27:07+00,,GREEN,Battery/Windy Hill,,bus,,COBBLINC,CobbLinc,,
